Surabaya,Asemrowo,7246,-7.2521549,112.7126777
Surabaya,Benowo,3288,-7.2488139,112.632737
Surabaya,Bubutan,24997,-7.2488065,112.5529093
Surabaya,Bulak,10438,-7.2315603,112.7829131
Surabaya,Dukuh Pakis,15774,-7.2833153,112.6856275
Surabaya,Gayungan,13920,-7.3381491,112.714268
Surabaya,Genteng,13823,-7.25772,112.7492403
Surabaya,Gubeng,13296,-7.2716424,112.7533982
Surabaya,Gunung Anyar,12484,7.3406384,112.7809146
Surabaya,Jambangan,11499,-7.3214644,112.71257
Surabaya,Karang Pilang,9976,-7.3333874,112.6967417
Surabaya,Kenjeran,21921,-7.2266385,112.7574887
Surabaya,Krembangan,46998,-7.2324201,112.7214512
Surabaya,Lakasantri,12618,-7.2882067,112.6700877
Surabaya,Mulyorejo,14283,-7.2611899,112.7668822
Surabaya,Pabean Cantian,37630,-7.2788329,112.5773476
Surabaya,Pakal,12589,-7.2384996,112.6149775
Surabaya,Rungkat,13448,-7.3164779,112.6538568
Surabaya,Sambikerep,6035,-7.2745432,112.6280927
Surabaya,Sawahan,35002,-7.2738177,112.4642912
Surabaya,Semampir,31256,-7.2253288,112.7419308
Surabaya,Sukolilo,19548,-7.2996306,112.7677739
Surabaya,Sukomanunggal,41535,-7.2608496,112.70973
Surabaya,Tambaksari,23193,-7.2570987,112.7527523
Surabaya,Tandes,11081,-7.2592096,112.6752656
Surabaya,Tegalsari,25887,-7.2879926,112.737949
Surabaya,Tenggilis Mejoyo,13356,-7.3138914,112.7544441
Surabaya,wiyung,15682,-7.3140833,112.6926353,
Surabaya,Wonocolo,17132,-7.320179,112.7385771
Surabaya,Wonokromo,25485,-7.291712,112.7295757

Gresik,Balongpanggang,54050,-7.2689629,112.4405423
Gresik,Benjeng,56647,-7.2630042,112.4958727
Gresik,Bungah,56804,-7.0555031,112.5737708
Gresik,Cerme,78153,-7.2347611,112.5618634
Gresik,Driyorejo,6588,-7.353213,112.6263079
Gresik,Duduk Sampeyan,3477,-7.1546812,112.5186595
Gresik,Dukun,66086,-7.2697825,110.1005107
Gresik,Gresik,80005,-7.1600383,112.6447627
Gresik,Kebomas,115500,-7.1674201,112.6355797
Gresik,Kedamean,67192,-7.3253584,112.5639561
Gresik,Manyar,111016,-7.1222401,112.601417
Gresik,Menganti,133875,-7.2938961,112.5828726
Gresik,Panceng,53840,-6.9136302,112.4556637
Gresik,Sangkapura,46915,-5.8472317,112.6586829
Gresik,Sidayu,44787,-6.9974997,112.5610962
Gresik,Tambak,21022,-7.6124353,109.4057583
Gresik,Ujung Pangkah,54109,-6.919397,112.5438619
Gresik,Wringinanom,70101,-7.4022874,112.5273837

Sidoarjo,Tarik,67948,-7.4244,112.4612
Sidoarjo,Prambon,79571,-7.4831,112.5714
Sidoarjo,Krembung,69101,-7.5451,112.6186
Sidoarjo,Porong,70455,-7.5342,112.6989
Sidoarjo,Jabon,55737,-7.5583,112.7486
Sidoarjo,Tanggulangin,88285,-7.5147,112.7051
Sidoarjo,Candi,57791,-7.4776,112.7119
Sidoarjo,Tulangan,02821,-7.4697,112.6468
Sidoarjo,Wonoayu,85338,-7.4398,112.6179
Sidoarjo,Sukodono,25578,-7.4045,112.6713
Sidoarjo,Sidoarjo,00170,-7.4461,112.7178
Sidoarjo,Buduran,01229,-7.4158,112.7214
Sidoarjo,Sedati,97678,-7.3804,112.7663
Sidoarjo,Waru,95761,-7.3472,112.7431
Sidoarjo,Gedangan,20066,-7.3860,112.7283
Sidoarjo,Taman,03134,-7.3518,112.6997
Sidoarjo,Krian,32811,-7.4103,112.5803
Sidoarjo,Balongbendo,74400,-7.4093,112.5165

Malang,Donomulyo,69803,-8.2711,112.4312
Malang,Kalipare,70229,-8.2091,112.4645
Malang,Pagak,53012,-8.2455,112.5322
Malang,Bantur,78999,-8.3005,112.5768
Malang,Gedangan,59777,-8.3095,112.6394
Malang,Sumbermanjing Wetan,04738,-8.3412,112.7214
Malang,Dampit,32163,-8.2098,112.7480
Malang,Tirtoyudo,68596,-8.2452,112.8194
Malang,Ampelgading,59911,-8.2195,112.8797
Malang,Poncokusumo,99880,-8.0142,112.8124
Malang,Wajak,89650,-8.1033,112.7212
Malang,Turen,26447,-8.1685,112.6931
Malang,Bululawang,73234,-8.0833,112.6433
Malang,Gondanglegi,89706,-8.1755,112.6385
Malang,Pagelaran,76594,-8.1994,112.6141
Malang,Kepanjen,15184,-8.1311,112.5735
Malang,Sumberpucung,58957,-8.1633,112.4815
Malang,Kromengan,43086,-8.1565,112.4934
Malang,Ngajum,54386,-8.1130,112.5312
Malang,Wonosari,45709,-8.0822,112.4764
Malang,Wagir,90455,-8.0152,112.5645
Malang,Pakisaji,93261,-8.0674,112.6022
Malang,Tajinan,58625,-8.0475,112.6744
Malang,Tumpang,80252,-7.9931,112.7622
Malang,Pakis,51880,-7.9542,112.7042
Malang,Jabung,78402,-7.9304,112.7441
Malang,Lawang,13287,-7.8378,112.6954
Malang,Singosari,82656,-7.8911,112.6625
Malang,Karangploso,83938,-7.8936,112.6074
Malang,Dau,68833,-7.9312,112.5855
Malang,Pujon,71310,-7.8465,112.4741
Malang,Ngantang,59946,-7.8631,112.3688
Malang,Kasembon,31992,-7.7915,112.3332

Mojokerto,Jatirejo,45380,-7.5878,112.3995
Mojokerto,Gondang,44776,-7.6041,112.4744
Mojokerto,Pacet,60944,-7.6711,112.5364
Mojokerto,Trawas,31963,-7.6631,112.5975
Mojokerto,Ngoro,86442,-7.5683,112.6241
Mojokerto,Pungging,81574,-7.5255,112.5989
Mojokerto,Kutorejo,68811,-7.5562,112.5186
Mojokerto,Mojosari,81241,-7.5144,112.5541
Mojokerto,Bangsal,53147,-7.4939,112.4795
Mojokerto,Mojoanyar,50428,-7.4786,112.4589
Mojokerto,Dlanggu,58258,-7.5511,112.4594
Mojokerto,Puri,80349,-7.5086,112.4468
Mojokerto,Trowulan,77581,-7.5614,112.3386
Mojokerto,Sooko,75354,-7.4952,112.4151
Mojokerto,Gedeg,58409,-7.4478,112.4042
Mojokerto,Kemlagi,60407,-7.4044,112.3886
Mojokerto,Jetis,88741,-7.4245,112.4674
Mojokerto,Dawar Blandong,52339,-7.3512,112.4355